title,url,date
Five Essential Rules when Job Searching,/blog/five-essential-rules-when-job-searching,2018-05-31
Outcomes: A Preview,/blog/outcomes-a-preview,2018-05-22
The Benefit of Low-Abstraction Frameworks for Scaffolding Learning,/blog/low-abstraction-frameworks,2018-05-16
Are Coding Schools Worth the Cost?,/blog/are-coding-schools-worth-the-cost,2018-04-25
A Roadmap for Learning How To Code - Part 2,/blog/roadmap-for-learning-how-to-code-02,2018-04-10
Meet The Instructor: Joel Burton,/blog/meet-the-instructor-joel-burton,2018-03-27
Alumni Spotlight: Anna-Brit Schlaepfer,/blog/alumni-spotlight-anna-brit,2018-03-19
The Art of Outreach,/blog/the-art-of-outreach,2018-02-28
Intro to VS Code,/blog/vscode,2018-02-20
Debugging Like a Developer,/blog/debugging-like-a-developer,2018-02-06
